{"cameraMode":{"drawMode":0,"name":"Shaded","section":"Shading Mode"},"sceneLighting":false,"audioPlay":false,"sceneViewState":{"showFog":false,"showMaterialUpdate":false,"showSkybox":false,"showFlares":false,"showImageEffects":false,"showParticleSystems":false},"in2DMode":false,"pivot":{"x":0.9800000190734863,"y":-0.8100000023841858,"z":0.28353220224380495},"rotation":{"x":-0.007966281846165657,"y":-0.9474128484725952,"z":0.02359972521662712,"w":-0.3191150724887848},"size":5.143301486968994,"orthographic":false}