{"cameraMode":{"drawMode":0,"name":"Shaded","section":"Shading Mode"},"sceneLighting":false,"audioPlay":false,"sceneViewState":{"showFog":false,"showMaterialUpdate":false,"showSkybox":false,"showFlares":false,"showImageEffects":false,"showParticleSystems":false},"in2DMode":false,"pivot":{"x":-0.0732189416885376,"y":-3.1274924278259279,"z":-6.303939342498779},"rotation":{"x":-0.01830626092851162,"y":-0.9613004922866821,"z":0.06586144119501114,"w":-0.26697081327438357},"size":0.8067713379859924,"orthographic":false}