{"cameraMode":{"drawMode":0,"name":"Shaded","section":"Shading Mode"},"sceneLighting":false,"audioPlay":false,"sceneViewState":{"showFog":false,"showMaterialUpdate":false,"showSkybox":false,"showFlares":false,"showImageEffects":false,"showParticleSystems":false},"in2DMode":false,"pivot":{"x":-11.303348541259766,"y":2.0615546703338625,"z":12.766217231750489},"rotation":{"x":-0.007925222627818585,"y":0.6780973672866821,"z":-0.007352171931415796,"w":-0.7349351644515991},"size":6.000018119812012,"orthographic":false}