{"cameraMode":{"drawMode":0,"name":"Shaded","section":"Shading Mode"},"sceneLighting":false,"audioPlay":false,"sceneViewState":{"showFog":false,"showMaterialUpdate":false,"showSkybox":false,"showFlares":false,"showImageEffects":false,"showParticleSystems":false},"in2DMode":false,"pivot":{"x":0.00002774159293039702,"y":0.00001645014162932057,"z":0.00002734511326707434},"rotation":{"x":0.23161086440086366,"y":0.10743623226881027,"z":0.025726553052663804,"w":-0.9665496349334717},"size":0.000017320508050033823,"orthographic":false}