{"cameraMode":{"drawMode":0,"name":"Shaded","section":"Shading Mode"},"sceneLighting":false,"audioPlay":false,"sceneViewState":{"showFog":false,"showMaterialUpdate":false,"showSkybox":false,"showFlares":false,"showImageEffects":false,"showParticleSystems":false},"in2DMode":false,"pivot":{"x":-23.789016723632814,"y":17.770065307617189,"z":0.42080140113830569},"rotation":{"x":-0.003712749108672142,"y":0.9962761998176575,"z":-0.06466034799814224,"w":-0.05745001882314682},"size":35.038124084472659,"orthographic":false}